{
  "context_precision_stub": 0.046577801720586,
  "context_recall_stub": 0.4107048064919619
}