{
  "context_precision_stub": 0.04177588585548448,
  "context_recall_stub": 0.30965765506354687
}