{
  "faithfulness": 0.8562091503267973,
  "answer_relevancy": 0.738789218253059,
  "context_precision": 0.693121693052381,
  "context_recall": 0.65625
}