{
  "faithfulness": 0.9385416666666668,
  "answer_relevancy": 0.7745611920125035,
  "context_precision": 0.85416666658125,
  "context_recall": 0.8046875
}