system,prompt_style,top_k,n,hf_em,hf_f1
naive,instruction,1,918,31.808278867102395,39.303823790281974
naive,persona,1,918,16.55773420479303,26.1349666677519
naive,cot,1,918,0.0,11.2282267946252
